Degree,Rho,Lambda
0,0.000000,0.000000
1,0.000000,0.000000
2,0.150405,0.867568
3,0.093915,0.132432
4,0.526519,0.000000
5,0.000000,0.000000
6,0.000000,
7,0.098768,
8,0.130393,
9,0.000000,
