Degree,Rho,Lambda
0,0.000000,0.000000
1,0.000000,0.000000
2,0.157069,0.806572
3,0.134164,0.193428
4,0.417308,0.000000
5,0.000260,0.000000
6,0.130060,
7,0.044711,
8,0.116429,
9,0.000000,
