Degree,Rho,Lambda
0,0.000000,0.000000
1,0.000000,0.000000
2,0.130655,0.343612
3,0.080486,0.656388
4,0.020921,0.000000
5,0.010279,0.000000
6,0.143768,0.000000
7,0.029625,
8,0.000000,
9,0.025480,
10,0.012939,
11,0.000000,
12,0.035486,
13,0.011749,
14,0.077679,
15,0.143768,
16,0.074839,
17,0.018485,
18,0.068551,
19,0.115290,
20,0.000000,
