Degree,Rho,Lambda
0,0.000000,0.000000
1,0.000000,0.000000
2,0.199987,1.000000
3,0.000000,0.000000
4,0.266671,
5,0.000000,
6,0.000000,
7,0.000000,
8,0.266671,
9,0.266671,
10,0.000000,
