Degree,Rho,Lambda
0,0.000000,0.000000
1,0.000000,0.000000
2,0.792077,-1.071770
3,0.200000,0.200000
4,0.200000,0.200000
5,0.200000,0.200000
6,0.200000,0.200000
